<step title="Incoming Request" date="2025-12-04T09:45:46.528" instance="761fac" url="/api/zipdeploy?isAsync=true" method="POST" type="request" pid="831,1,5" Accept="*/*" Host="mi-portfolio-web-2024.scm.azurewebsites.net" User-Agent="AZURECLI/2.80.0 (HOMEBREW)" Accept-Encoding="gzip, deflate" Authorization="Bea..." Cache-Control="no-cache" Content-Type="application/octet-stream" Content-Length="56799" x-ms-client-request-id="f529eea2-d0f5-11f0-9f03-6a779c50e0e0" x-ms-artifact-checksum="3810cfe7f43539e74ca20afb47417d66f565864eb5675362cfce2e7bd6fdfb48" X-ARR-LOG-ID="f529eea2-d0f5-11f0-9f03-6a779c50e0e0" CLIENT-IP="195.16.128.172:54095" X-SITE-DEPLOYMENT-ID="mi-portfolio-web-2024" WAS-DEFAULT-HOSTNAME="mi-portfolio-web-2024.scm.azurewebsites.net" X-Forwarded-Proto="https" X-AppService-Proto="https" X-Forwarded-TlsVersion="1.3" X-WAWS-Unencoded-URL="/api/zipdeploy?isAsync=true" X-Client-IP="195.16.128.172" X-Client-Port="54095" >
  <step title="ZipPushDeploy" date="2025-12-04T09:45:46.768" >
    <step title="ZipDeploy. Extract zip." date="2025-12-04T09:45:46.775" /><!-- duration: 6ms -->
    <step title="None repository commit" date="2025-12-04T09:45:46.787" >
      <step title="Commit id: 3eb99182-c170-475d-b339-baa4a2c7ee99" date="2025-12-04T09:45:46.791" Message="N/A" AuthorName="N/A" AuthorEmail="N/A" /><!-- duration: 5ms -->
    </step><!-- duration: 13ms -->
    <step title="Starting PushDeployAsync" date="2025-12-04T09:45:46.803" /><!-- duration: 10ms -->
    <step title="Writing artifact to /tmp/zipdeploy/660c7a1c-ce72-489f-a7b3-483c24cd0839.zip" date="2025-12-04T09:45:46.827" >
      <step title="Writing multipart request body to /tmp/zipdeploy/660c7a1c-ce72-489f-a7b3-483c24cd0839.zip" date="2025-12-04T09:45:46.830" /><!-- duration: 5ms -->
    </step><!-- duration: 25ms -->
    <step title="Start deployment in the background" date="2025-12-04T09:45:46.865" >
      <step title="Acquiring Deployment Lock" date="2025-12-04T09:45:46.927" /><!-- duration: 10ms -->
      <step title="Acquired Deployment Lock" date="2025-12-04T09:45:47.005" /><!-- duration: 4ms -->
    </step><!-- duration: 323ms -->
  </step><!-- duration: 428ms -->
  <step title="Outgoing response" date="2025-12-04T09:45:47.208" type="response" statusCode="202" statusText="Accepted" /><!-- duration: 4ms -->
</step><!-- duration: 686ms -->
