<step title="BackgroundTrace" date="2025-12-04T09:45:46.870" instance="761fac" url="/api/zipdeploy" method="POST" >
  <step title="Creating temporary deployment - FetchDeploymentManager" date="2025-12-04T09:45:47.014" /><!-- duration: 2ms -->
  <step title="Creating temporary deployment" date="2025-12-04T09:45:47.020" /><!-- duration: 164ms -->
  <step title="Performing fetch based deployment" date="2025-12-04T09:45:47.245" >
    <step title="Cleaning up temp folders from previous zip deployments and extracting pushed zip file /tmp/zipdeploy/660c7a1c-ce72-489f-a7b3-483c24cd0839.zip (0.05 MB) to /tmp/zipdeploy/extracted" date="2025-12-04T09:45:49.424" >
      <step title="ChmodRecursive Process exited with total time taken in ms: 22" date="2025-12-04T09:45:49.485" /><!-- duration: 3ms -->
    </step><!-- duration: 67ms -->
    <step title="Deployment timer started" date="2025-12-04T09:45:51.503" >
      <step title="DeploymentManager.Deploy(id:3eb99182-c170-475d-b339-baa4a2c7ee99)" date="2025-12-04T09:45:51.511" >
        <step title="Collecting changeset information" date="2025-12-04T09:45:51.523" /><!-- duration: 115ms -->
        <step title="Updating submodules" date="2025-12-04T09:45:51.643" /><!-- duration: 1252ms -->
        <step title="Determining deployment builder" date="2025-12-04T09:45:53.274" >
          <step title="Builder is BasicBuilder" date="2025-12-04T09:45:53.282" /><!-- duration: 3ms -->
        </step><!-- duration: 16ms -->
        <step title="PreDeployment: context.CleanOutputPath False" date="2025-12-04T09:45:53.359" >
          <step title="PreDeployment: context.OutputPath /home/site/wwwroot" date="2025-12-04T09:45:53.538" >
            <step title="Building" date="2025-12-04T09:45:53.827" >
              <step title="Executing external process" date="2025-12-04T09:45:54.211" type="process" path="starter.sh" arguments="/opt/Kudu/Scripts/parallel_rsync.sh /tmp/zipdeploy/extracted /home/site/wwwroot 8 /tmp/ False True  " /><!-- duration: 2026ms -->
              <step title="Triggering recycle (preview mode disabled)." date="2025-12-04T09:45:56.556" /><!-- duration: 8ms -->
              <step title="Modified file to trigger a restart of the app container." date="2025-12-04T09:45:56.632" /><!-- duration: 3ms -->
              <step title="Skip function trigger and logicapp sync because function is not enabled." date="2025-12-04T09:45:56.640" /><!-- duration: 3ms -->
            </step><!-- duration: 3679ms -->
          </step><!-- duration: 3975ms -->
          <step title="Cleaning up temp files" date="2025-12-04T09:45:57.516" /><!-- duration: 5ms -->
          <step title="Cleaning up temp files" date="2025-12-04T09:45:57.525" /><!-- duration: 505ms -->
          <step title="Reloading status file with latest updates" date="2025-12-04T09:45:58.102" >
            <step title="WebHooksManager.PublishEventAsync: PostDeployment" date="2025-12-04T09:45:58.106" /><!-- duration: 43ms -->
          </step><!-- duration: 54ms -->
          <step title="Cleaning up temporary deployment - fetch deployment was successful" date="2025-12-04T09:45:58.167" /><!-- duration: 2ms -->
        </step><!-- duration: 4933ms -->
      </step><!-- duration: 6794ms -->
