<step title="Incoming Request" date="2025-12-04T09:49:06.767" instance="761fac" url="/api/publish?type=zip" method="POST" type="request" pid="831,1,20" Accept="*/*" Host="mi-portfolio-web-2024.scm.azurewebsites.net" User-Agent="AZURECLI/2.80.0 (HOMEBREW)" Accept-Encoding="gzip, deflate" Authorization="Bea..." Cache-Control="no-cache" Content-Type="application/octet-stream" Cookie="ARRAffinity=761fac585fe31e563800843ac2523cd720778a0ceebfef3ec96fdd2d0e72e339; ARRAffinitySameSite=761fac585fe31e563800843ac2523cd720778a0ceebfef3ec96fdd2d0e72e339" Content-Length="56799" x-ms-client-request-id="73cbfdea-d0f6-11f0-8f8e-6a779c50e0e0" x-ms-artifact-checksum="93c770531c212784e2d0c6dcb9963ef98f8e07fd3e980f3d487b453b567af28d" X-ARR-LOG-ID="73cbfdea-d0f6-11f0-8f8e-6a779c50e0e0" CLIENT-IP="195.16.128.172:54240" X-SITE-DEPLOYMENT-ID="mi-portfolio-web-2024" WAS-DEFAULT-HOSTNAME="mi-portfolio-web-2024.scm.azurewebsites.net" X-Forwarded-Proto="https" X-AppService-Proto="https" X-Forwarded-TlsVersion="1.3" X-WAWS-Unencoded-URL="/api/publish?type=zip" X-Client-IP="195.16.128.172" X-Client-Port="54240" >
  <step title="OneDeploy" date="2025-12-04T09:49:06.793" >
    <step title="Starting PushDeployAsync" date="2025-12-04T09:49:06.800" /><!-- duration: 3ms -->
    <step title="Writing artifact to /tmp/zipdeploy/4c011140-258e-4d4b-8efc-53f87a715ecd.zip" date="2025-12-04T09:49:06.821" >
      <step title="Writing multipart request body to /tmp/zipdeploy/4c011140-258e-4d4b-8efc-53f87a715ecd.zip" date="2025-12-04T09:49:06.829" /><!-- duration: 3ms -->
    </step><!-- duration: 43ms -->
    <step title="Attempting to fetch target branch HEAD" date="2025-12-04T09:49:06.875" /><!-- duration: 3ms -->
    <step title="Acquiring Deployment Lock" date="2025-12-04T09:49:06.881" /><!-- duration: 11ms -->
    <step title="Acquired Deployment Lock" date="2025-12-04T09:49:06.924" /><!-- duration: 3ms -->
    <step title="Performing fetch based deployment" date="2025-12-04T09:49:06.935" >
      <step title="Creating temporary deployment" date="2025-12-04T09:49:06.938" /><!-- duration: 120ms -->
      <step title="Releasing Deployment Lock" date="2025-12-04T09:49:08.276" /><!-- duration: 5ms -->
      <step title="Cleaning up temp folders from previous zip deployments and extracting pushed zip file /tmp/zipdeploy/4c011140-258e-4d4b-8efc-53f87a715ecd.zip (0.05 MB) to /tmp/zipdeploy/extracted" date="2025-12-04T09:49:08.302" >
        <step title="ChmodRecursive Process exited with total time taken in ms: 34" date="2025-12-04T09:49:08.351" /><!-- duration: 5ms -->
      </step><!-- duration: 62ms -->
      <step title="None repository commit" date="2025-12-04T09:49:08.368" >
        <step title="Commit id: c2157c6c-1dff-4354-8de5-aed2cddd1c99" date="2025-12-04T09:49:08.371" Message="OneDeploy" AuthorName="N/A" AuthorEmail="N/A" /><!-- duration: 3ms -->
      </step><!-- duration: 10ms -->
      <step title="Deployment timer started" date="2025-12-04T09:49:10.384" >
        <step title="DeploymentManager.Deploy(id:c2157c6c-1dff-4354-8de5-aed2cddd1c99)" date="2025-12-04T09:49:10.390" >
          <step title="Collecting changeset information" date="2025-12-04T09:49:10.424" /><!-- duration: 126ms -->
          <step title="Updating submodules" date="2025-12-04T09:49:10.556" /><!-- duration: 1170ms -->
          <step title="Determining deployment builder" date="2025-12-04T09:49:12.030" >
            <step title="Builder is OneDeployBuilder" date="2025-12-04T09:49:12.041" /><!-- duration: 3ms -->
          </step><!-- duration: 18ms -->
          <step title="PreDeployment: context.CleanOutputPath False" date="2025-12-04T09:49:12.109" >
            <step title="PreDeployment: context.OutputPath /home/site/wwwroot" date="2025-12-04T09:49:12.270" >
              <step title="Building" date="2025-12-04T09:49:12.491" >
                <step title="Executing external process" date="2025-12-04T09:49:13.201" type="process" path="starter.sh" arguments="/opt/Kudu/Scripts/parallel_rsync.sh /tmp/zipdeploy/extracted /home/site/wwwroot 8 /tmp/ False False  " /><!-- duration: 1583ms -->
                <step title="Modified file to trigger a restart of the app container." date="2025-12-04T09:49:15.395" /><!-- duration: 3ms -->
                <step title="Skip function trigger and logicapp sync because function is not enabled." date="2025-12-04T09:49:15.402" /><!-- duration: 3ms -->
              </step><!-- duration: 3840ms -->
            </step><!-- duration: 4071ms -->
            <step title="Cleaning up temp files" date="2025-12-04T09:49:16.347" /><!-- duration: 3ms -->
            <step title="Cleaning up temp files" date="2025-12-04T09:49:16.353" /><!-- duration: 507ms -->
            <step title="Reloading status file with latest updates" date="2025-12-04T09:49:16.910" >
              <step title="WebHooksManager.PublishEventAsync: PostDeployment" date="2025-12-04T09:49:16.914" /><!-- duration: 32ms -->
            </step><!-- duration: 38ms -->
            <step title="Cleaning up temporary deployment - fetch deployment was successful" date="2025-12-04T09:49:16.960" /><!-- duration: 4ms -->
          </step><!-- duration: 4946ms -->
        </step><!-- duration: 6669ms -->
        <step title="Outgoing response" date="2025-12-04T09:49:17.081" type="response" statusCode="200" statusText="OK" /><!-- duration: 3ms -->
      </step><!-- duration: 6704ms -->
