﻿<?xml version="1.0" encoding="utf-8"?>
<deployment>
  <id>3eb99182-c170-475d-b339-baa4a2c7ee99</id>
  <author>N/A</author>
  <deployer>Push-Deployer</deployer>
  <authorEmail>N/A</authorEmail>
  <message>Created via a push deployment</message>
  <progress></progress>
  <status>Success</status>
  <statusText></statusText>
  <lastSuccessEndTime>2025-12-04T09:45:57.063735Z</lastSuccessEndTime>
  <receivedTime>2025-12-04T09:45:51.5559278Z</receivedTime>
  <startTime>2025-12-04T09:45:53.1332905Z</startTime>
  <endTime>2025-12-04T09:45:57.063735Z</endTime>
  <complete>True</complete>
  <is_temp>False</is_temp>
  <is_readonly>True</is_readonly>
  <buildSummary />
</deployment>