﻿<?xml version="1.0" encoding="utf-8"?>
<deployment>
  <id>c2157c6c-1dff-4354-8de5-aed2cddd1c99</id>
  <author>N/A</author>
  <deployer>OneDeploy</deployer>
  <authorEmail>N/A</authorEmail>
  <message>OneDeploy</message>
  <progress></progress>
  <status>Success</status>
  <statusText></statusText>
  <lastSuccessEndTime>2025-12-04T09:49:15.8157487Z</lastSuccessEndTime>
  <receivedTime>2025-12-04T09:49:10.4712073Z</receivedTime>
  <startTime>2025-12-04T09:49:11.9229611Z</startTime>
  <endTime>2025-12-04T09:49:15.8157487Z</endTime>
  <complete>True</complete>
  <is_temp>False</is_temp>
  <is_readonly>True</is_readonly>
  <buildSummary />
</deployment>